[
    {
        "teamName": "AMG Mercedes",
        "year": 2024,
        "headquarters": "London, UK",
        "teamPrincipal": "Toto Wolf",
        "constructorsChampionshipWins": 3,
        "budget": {
            "totalBudget": 145000000,
            "expenses": [
                {
                    "category": "Car Development",
                    "amount": 50000000,
                    "approvalStatus": "Approved",
                    "expenseDate": "2024-01-15",
                    "subcategory": [
                        {
                            "name": "Aerodynamics",
                            "amount": 20000000
                        },
                        {
                            "name": "Engine",
                            "amount": 15000000
                        },
                        {
                            "name": "Chassis",
                            "amount": 15000000
                        }
                    ]
                },
                {
                    "category": "Personnel",
                    "amount": 60000000,
                    "approvalStatus": "Pending",
                    "expenseDate": "2024-02-01",
                    "subcategory": [
                        {
                            "name": "Driver",
                            "amount": 25000000
                        },
                        {
                            "name": "Engineer",
                            "amount": 20000000
                        },
                        {
                            "name": "Pit Crew",
                            "amount": 15000000
                        }
                    ]
                },
                {
                    "category": "Operations",
                    "amount": 35000000,
                    "approvalStatus": "Approved",
                    "expenseDate": "2024-03-10",
                    "subcategory": [
                        {
                            "name": "Logistics",
                            "amount": 15000000
                        },
                        {
                            "name": "Marketing",
                            "amount": 10000000
                        },
                        {
                            "name": "Travel",
                            "amount": 10000000
                        }
                    ]
                }
            ]
        }
    },
    {
        "teamName": "Scuderia Ferrari",
        "year": 2024,
        "headquarters": "Maranello, Italy",
        "teamPrincipal": "Mattia Binotto",
        "constructorsChampionshipWins": 16,
        "budget": {
            "totalBudget": 160000000,
            "expenses": [
                {
                    "category": "Car Development",
                    "amount": 55000000,
                    "approvalStatus": "Approved",
                    "expenseDate": "2024-01-18",
                    "subcategory": [
                        {
                            "name": "Aerodynamics",
                            "amount": 22000000
                        },
                        {
                            "name": "Engine",
                            "amount": 15000000
                        },
                        {
                            "name": "Chassis",
                            "amount": 18000000
                        }
                    ]
                },
                {
                    "category": "Personnel",
                    "amount": 60000000,
                    "approvalStatus": "Pending",
                    "expenseDate": "2024-02-05",
                    "subcategory": [
                        {
                            "name": "Driver",
                            "amount": 30000000
                        },
                        {
                            "name": "Engineer",
                            "amount": 20000000
                        },
                        {
                            "name": "Pit Crew",
                            "amount": 10000000
                        }
                    ]
                },
                {
                    "category": "Operations",
                    "amount": 45000000,
                    "approvalStatus": "Approved",
                    "expenseDate": "2024-03-12",
                    "subcategory": [
                        {
                            "name": "Logistics",
                            "amount": 20000000
                        },
                        {
                            "name": "Marketing",
                            "amount": 15000000
                        },
                        {
                            "name": "Travel",
                            "amount": 10000000
                        }
                    ]
                }
            ]
        }
    },
    {
        "teamName": "Red Bull Racing",
        "year": 2024,
        "headquarters": "Milton Keynes, UK",
        "teamPrincipal": "Christian Horner",
        "constructorsChampionshipWins": 4,
        "budget": {
            "totalBudget": 150000000,
            "expenses": [
                {
                    "category": "Car Development",
                    "amount": 60000000,
                    "approvalStatus": "Approved",
                    "expenseDate": "2024-01-20",
                    "subcategory": [
                        {
                            "name": "Aerodynamics",
                            "amount": 25000000
                        },
                        {
                            "name": "Engine",
                            "amount": 20000000
                        },
                        {
                            "name": "Chassis",
                            "amount": 15000000
                        }
                    ]
                },
                {
                    "category": "Personnel",
                    "amount": 55000000,
                    "approvalStatus": "Pending",
                    "expenseDate": "2024-02-10",
                    "subcategory": [
                        {
                            "name": "Driver",
                            "amount": 30000000
                        },
                        {
                            "name": "Engineer",
                            "amount": 15000000
                        },
                        {
                            "name": "Pit Crew",
                            "amount": 10000000
                        }
                    ]
                },
                {
                    "category": "Operations",
                    "amount": 35000000,
                    "approvalStatus": "Approved",
                    "expenseDate": "2024-03-15",
                    "subcategory": [
                        {
                            "name": "Logistics",
                            "amount": 10000000
                        },
                        {
                            "name": "Marketing",
                            "amount": 15000000
                        },
                        {
                            "name": "Travel",
                            "amount": 10000000
                        }
                    ]
                }
            ]
        }
    },
    {
        "teamName": "McLaren",
        "year": 2024,
        "headquarters": "Woking, UK",
        "teamPrincipal": "Andreas Seidl",
        "constructorsChampionshipWins": 8,
        "budget": {
            "totalBudget": 140000000,
            "expenses": [
                {
                    "category": "Car Development",
                    "amount": 50000000,
                    "approvalStatus": "Approved",
                    "expenseDate": "2024-01-25",
                    "subcategory": [
                        {
                            "name": "Aerodynamics",
                            "amount": 20000000
                        },
                        {
                            "name": "Engine",
                            "amount": 15000000
                        },
                        {
                            "name": "Chassis",
                            "amount": 15000000
                        }
                    ]
                },
                {
                    "category": "Personnel",
                    "amount": 60000000,
                    "approvalStatus": "Pending",
                    "expenseDate": "2024-02-20",
                    "subcategory": [
                        {
                            "name": "Driver",
                            "amount": 30000000
                        },
                        {
                            "name": "Engineer",
                            "amount": 15000000
                        },
                        {
                            "name": "Pit Crew",
                            "amount": 15000000
                        }
                    ]
                },
                {
                    "category": "Operations",
                    "amount": 30000000,
                    "approvalStatus": "Approved",
                    "expenseDate": "2024-03-20",
                    "subcategory": [
                        {
                            "name": "Logistics",
                            "amount": 10000000
                        },
                        {
                            "name": "Marketing",
                            "amount": 10000000
                        },
                        {
                            "name": "Travel",
                            "amount": 10000000
                        }
                    ]
                }
            ]
        }
    },
    {
        "teamName": "Alpine",
        "year": 2024,
        "headquarters": "Enstone, UK",
        "teamPrincipal": "Laurent Rossi",
        "constructorsChampionshipWins": 0,
        "budget": {
            "totalBudget": 135000000,
            "expenses": [
                {
                    "category": "Car Development",
                    "amount": 45000000,
                    "approvalStatus": "Approved",
                    "expenseDate": "2024-01-30",
                    "subcategory": [
                        {
                            "name": "Aerodynamics",
                            "amount": 15000000
                        },
                        {
                            "name": "Engine",
                            "amount": 15000000
                        },
                        {
                            "name": "Chassis",
                            "amount": 15000000
                        }
                    ]
                },
                {
                    "category": "Personnel",
                    "amount": 60000000,
                    "approvalStatus": "Pending",
                    "expenseDate": "2024-02-25",
                    "subcategory": [
                        {
                            "name": "Driver",
                            "amount": 30000000
                        },
                        {
                            "name": "Engineer",
                            "amount": 20000000
                        },
                        {
                            "name": "Pit Crew",
                            "amount": 10000000
                        }
                    ]
                },
                {
                    "category": "Operations",
                    "amount": 30000000,
                    "approvalStatus": "Approved",
                    "expenseDate": "2024-03-25",
                    "subcategory": [
                        {
                            "name": "Logistics",
                            "amount": 10000000
                        },
                        {
                            "name": "Marketing",
                            "amount": 10000000
                        },
                        {
                            "name": "Travel",
                            "amount": 10000000
                        }
                    ]
                }
            ]
        }
    }
]